name,addr
글라스스토리 초지점,경기 안산시 단원구 광덕1로 56
베스트안경,경기 안산시 단원구 원포공원1로 49
91옵티컬안경원,경기 화성시 수노을중앙로 146 호평프라자 104호
다비치안경 안산중앙역사거리점,경기 안산시 단원구 중앙대로 899 롯데프라자
끌림안경원 초지점,경기 안산시 단원구 초지동로 45 1층
다비치안경 안산상록수점,경기 안산시 상록구 상록수로 28
쓰리팩토리 안산점,경기 안산시 단원구 초지로 126 1층
안경매니아,경기 안산시 단원구 초지로 90
안경나라 안산한대역점,경기 안산시 상록구 중보로 57 한양대프라자 108호
미래안경,경기 안산시 단원구 광덕서로 56
끌림안경 고잔점,경기 안산시 단원구 광덕대로 162 창진타운 1층
어썸,경기 안산시 단원구 광덕대로 155
안경나라 안산중앙점,경기 안산시 단원구 예술대학로 17 1층 109호
아이미안경 선부점,경기 안산시 단원구 초지로 100
플로렌스안경,경기 안산시 단원구 광덕대로 154
글라스 스토리 고잔점,경기 안산시 단원구 광덕대로 174
으뜸50안경 안산중앙점,경기 안산시 단원구 예술대학로 17 안산중앙노블레스 3층 318호
안경나라 안산본오점,경기 안산시 상록구 샘골로 115 굿모닝리빙프라자 102호
안경숲,경기 안산시 단원구 고잔2길 38 103~104호
남대문비젼안경 안산점,경기 안산시 상록구 항가울로 241 2층
오렌즈 안산중앙2호점,경기 안산시 단원구 중앙대로 907 1층 4170호
렌즈맨 안산고잔점,경기 안산시 단원구 광덕대로 175
아이닥터안경원 고잔점,경기 안산시 단원구 광덕서로 92
오렌즈 안산점,경기 안산시 단원구 고잔로 108
글라스바바안경 안산중앙점,"경기 안산시 단원구 중앙대로 921 동서코아 1,2층"
일공공일안경콘택트 롯데마트안산점,경기 안산시 상록구 항가울로 422 1층
아이조아렌즈샵,경기 안산시 단원구 고잔2길 63 나성상가 2층
남대문안경콘택트 한대앞역점,경기 안산시 상록구 광덕1로 386
서울안경,경기 안산시 단원구 광덕대로 174 월드타운 B동 506호
쿠아안경 사동점,경기 안산시 상록구 석호로 209
아이존안경,경기 안산시 단원구 광덕동로 91
맑은눈안경,경기 안산시 상록구 항가울로 487 1층
안경원채움,경기 안산시 단원구 고잔2길 45
행복한 안경,경기 안산시 상록구 감골2로 40
글라스스토리 선부점,경기 안산시 단원구 선부광장1로 38
동서안경,경기 안산시 단원구 중앙대로 921
우리안경,경기 안산시 상록구 감골로 137
알로뷰 홈플러스 안산고잔점,경기 안산시 단원구 광덕대로 175 2층
바로본안경,경기 안산시 상록구 샘골로 111
끌림안경 사동점,경기 안산시 상록구 항가울로 20
안경박사 안산중앙점,경기 안산시 단원구 고잔2길 38 중앙상사 101호
안경박사 안산원곡점,경기 안산시 단원구 원곡로 36
맑은눈,경기 안산시 단원구 광덕대로 194
씨채널 안경콘택트 안산월피점,경기 안산시 상록구 예술광장1로 48 현대프라자 1층
희망한방병원,경기 안산시 상록구 석호로 195
으뜸플러스안경 안산상록수점,경기 안산시 상록구 용신로 390 현대프라자 3층 301호
메도스안경원,경기 안산시 단원구 예술대학로 9 보배프라자 105호
해맑은안경,경기 안산시 단원구 초지동 796 초지두산위브아파트상가 109호
아이플레이스안경원 고잔점,경기 안산시 단원구 화랑로 359
베니스안경 상록수점,경기 안산시 상록구 용신로 383 101호
끼안경 안산점,경기 안산시 상록구 선진6길 84
안경연구소 안산점,경기 안산시 상록구 석호로 262
국제안경,경기 안산시 상록구 화랑로 495
착한안경 상록수점,경기 안산시 상록구 본삼로 38
눈치코치,경기 안산시 단원구 고잔로 102
오렌즈 상록수점,경기 안산시 상록구 상록수로 54 105호
아이미안경원,경기 안산시 단원구 와동로 16
안경박사 성포점,경기 안산시 상록구 화랑로 501
아이젠트리안경 안산중앙점,경기 안산시 단원구 예술대학로 9 보배프라자 105호
아이데코 안산성포점,경기 안산시 상록구 화랑로 501 104호
안경마트,경기 안산시 상록구 석호로 312 1층
뉴코아안경원,경기 안산시 단원구 당곡로 20 뉴코아 8층
라성안경마트 라성점,경기 안산시 단원구 라성로 43 벽산상가 116호
연세안경콘택트,경기 안산시 상록구 도매시장로 33
돈키호테안경 본오직영점,경기 안산시 상록구 샘골로 119
렌즈미 안산선부점,경기 안산시 단원구 선부광장1로 62 동원상가빌딩 1층
행복한안경,경기 안산시 단원구 라성로 48
빛나돋보기,경기 안산시 상록구 이화3길 22-12
안경매니저,경기 안산시 상록구 도매시장로 43
빠리안경,경기 안산시 단원구 라성로 36
안경매니아 이동점,경기 안산시 상록구 도매시장로 43
글라스바바안경 안산선부점,"경기 안산시 단원구 삼일로 310 서울프라자 1층 108~115,161~169호"
보노안경,경기 안산시 상록구 본오로 142
안경박사 상록수점,경기 안산시 상록구 상록수로 54
조은안경,경기 안산시 상록구 샘골로 148
기분좋은안경,경기 안산시 상록구 본삼로 51
행복한안경 성포점,경기 안산시 상록구 예술광장1로 124
하프클럽 중앙점,경기 안산시 상록구 성호로 90
렌즈미안경상록수점,경기 안산시 상록구 용신로 388
아이빌안경원,경기 안산시 상록구 본삼로 38
본안경,경기 안산시 상록구 반석로 44
엘리트안경원,경기 안산시 단원구 선부광장1로 82
알로뷰안경원,경기 안산시 상록구 충장로 432 홈플러스 안산점 2층
한독안경,경기 안산시 단원구 화랑로 103
신안안경,경기 안산시 상록구 반석로 44
녹십자안경,경기 안산시 단원구 화랑로 71
안경마을,경기 안산시 상록구 반석로 75
서울안경콘택트,경기 안산시 상록구 본오로 75
행복한안경,경기 안산시 단원구 달미로 10 산호상가 112호
렌즈타운 안산선부점,경기 안산시 단원구 선부광장1로 56
예스안경콘택트 안산점,경기 안산시 상록구 각골로 55
아이슈타인 안경콘택트 상록점,경기 안산시 상록구 안산대학로 105
다운옵틱,경기 안산시 상록구 광덕산로 19-5
으뜸플러스안경 안산선부점,경기 안산시 단원구 선부광장1로 72 훼미리프라자 2층 205호
씨채널안경 본오점,경기 안산시 상록구 반석로 54
맑은눈안경원 월피점,경기 안산시 상록구 월피로 22
샤인안경콘택트,경기 안산시 단원구 선부광장1로 108
안경마을,경기 안산시 단원구 선부광장1로 70
누느로안경,경기 안산시 상록구 월피로 22
밝은안경,경기 안산시 단원구 선부광장1로 38
비치나안경,경기 안산시 단원구 와동로 98
쿠아안경,경기 안산시 상록구 광덕산2로 44
글라스스토리 시흥거모점,경기 시흥시 도일로124번길 2 유성프라자 105호
아이데코 안산선부점,경기 안산시 단원구 달미로 63
에담안경원,경기 안산시 단원구 달미로 67
글라스코드안경원,경기 안산시 단원구 중앙대로 397
아이조아안경원 월피점,경기 안산시 상록구 시낭로 42 1층
아이마트안경콘텍트 와동점,경기 안산시 단원구 와동공원로 128
비키나안경,경기 안산시 단원구 와동로 98
제일안경,경기 안산시 단원구 선이로 14
다비치안경 시흥정왕점,경기 시흥시 중심상가2길 12-2
피카소안경,경기 안산시 상록구 부곡로 124 부곡프라자 1층
아이월드안경원,경기 시흥시 군자로 526
한국호야렌즈 안산공장,경기 안산시 단원구 범락길 118
글라스박스 능곡점,"경기 시흥시 능곡로 178 호평프라자 105호,106호"
안경나라 시흥능곡점,경기 시흥시 장현능곡로 184 능곡프라자 105호
새로나안경,경기 안산시 단원구 달미로 100
밝은안경렌즈디바 안산부곡점,경기 안산시 상록구 부곡로 120
쿠아안경원,경기 안산시 단원구 신각길 44
밝은안경,경기 시흥시 도일로 107
안경나라 시흥시화점,경기 시흥시 마유로 336 대하빌딩 103호
안경매니져,경기 시흥시 승지로 58
아이데코 시흥정왕점,경기 시흥시 군서마을로 46-1 1층
눈편한안경콘택트,경기 안산시 상록구 건건로 117 한종빌딩 1층
눈편한안경마을,경기 시흥시 정왕시장길 52
AD콘택트렌즈도매점 안산신길점,경기 안산시 단원구 신길중앙로1길 46
남대문안경 시화점,경기 시흥시 중심상가2길 12-2 우성프라자 1층
안경공작소,경기 시흥시 봉우재로 10
드림안경콘택트,경기 안산시 상록구 건건로 38
오렌즈 시흥점,경기 시흥시 중심상가로 193 센타프라자 1층
렌즈미 시흥점,경기 시흥시 중심상가3길 12 금강프라자 105호
뉴월드안경,경기 화성시 남양읍 남양성지로 139-1
렌즈타운 시화점,경기 시흥시 마유로 336 대하빌딩 104호
으뜸50안경 시흥정왕점,경기 시흥시 중심상가로 187 진명프라자 2층 201호
글라스스토리 목감점,경기 시흥시 목감우회로 51
씨채널안경 시화점,경기 시흥시 중심상가2길 2
안경마을 남양점,경기 화성시 남양읍 남양성지로 151
아이마트안경콘택트,경기 시흥시 목감남서로 9-19
수암안경마트,경기 안산시 상록구 수암1길 7
시호비전 이마트 시화점,경기 시흥시 정왕대로 210 이마트 4층
아이쿠안경콘택트,경기 안산시 상록구 수인로 2020
다비치안경 호매실홈플러스앞점,경기 수원시 권선구 금곡로 205 해피라움 114호
밝은세상안경콘택트,경기 시흥시 새재로 11
아이패밀리안경원,경기 군포시 대야1로11번길 1
안경 스토어,경기 시흥시 마유로418번길 18
기분좋은안경,경기 시흥시 역전로 270
다비치안경 산본역서부사거리점,경기 군포시 번영로 489
기분좋은안경 홍보부,경기 시흥시 역전로 270
다비치안경 수원성균관대역점,경기 수원시 장안구 서부로 2167
EYE편안 안경&콘택트,경기 시흥시 솔고개길 3-4 제니스빌딩 1층
다비치안경 배곧아브뉴프랑점,경기 시흥시 서울대학로278번길 26 아브뉴프랑2블럭 117-11호
밝은안경콘택트,경기 군포시 대야1로 8
다비치안경 수원역홍익프라자옆점,경기 수원시 팔달구 매산로 32
레브안경원,"경기 화성시 남양읍 시청로 119 메인프라자 103,104호"
다비치안경 시흥신천사거리점,경기 시흥시 신천로 103
다비치안경 군포초교앞점,경기 군포시 군포로 458
다비치안경 수원갤러리건너점,경기 수원시 권선구 권광로 125
안경마을,경기 시흥시 진말로19번길 12
일공공일안경콘택트 시흥시화점,경기 시흥시 정왕신길로49번길 61 신도빌딩 104호
피카소안경마트 연성점,경기 시흥시 장곡로49번길 14
다비치안경 인천만수점,인천 남동구 구월로 359
다비치안경 수원화서점,경기 수원시 팔달구 팔달로120번길 2
다비치안경 시흥홈플러스앞점,서울 금천구 시흥대로 196 세진빌딩
다비치안경 북수원홈플러스건너점,경기 수원시 장안구 경수대로 959
다비치안경 아주대삼거리점,경기 수원시 팔달구 아주로 3
글라스스토리 배곧신도시점,경기 시흥시 배곧3로 96 M플러스 132호
다비치안경 구월동신세계주차타워앞사거리점,인천 남동구 인하로507번길 4 한성빌딩 1층 101호
다비치안경 인천연수점,인천 연수구 용담로 129-1
안경매니저,경기 시흥시 정왕대로 210
다비치안경 광명하안점,"경기 광명시 하안로 310 다래빌딩 108,109호"
다비치안경 역곡남부시장옆점,경기 부천시 경인로 490
다비치안경 금천점,서울 금천구 시흥대로 415 1층
글라스스토리 호매실점,경기 수원시 권선구 금곡로102번길 38
다비치안경 향남2지구점,경기 화성시 향남읍 발안양감로 187 센트럴프라자 103호
다비치안경 부천역점,경기 부천시 부천로 20
다비치안경 신림점,"서울 관악구 신림로 365 1,2층"
다비치안경 광교롯데아울렛앞점,경기 수원시 영통구 도청로17번길 18
시화안경클리닉,경기 시흥시 희망공원로 269
바로본안경,경기 화성시 남양읍 시청로160번길 46
다비치안경 수원망포태장초교앞점,경기 수원시 영통구 영통로 145
다비치안경 인하대학점,인천 미추홀구 인하로 75
렌즈스토리 수원역로데오점,경기 수원시 팔달구 향교로 1-1
다비치안경 병점점,경기 화성시 효행로 1017 101호
렌즈스토리 시흥대야점,경기 시흥시 비둘기공원7길 52
다비치안경 부천중동점,경기 부천시 길주로 246 리슈빌엔클라스 104호
다비치안경 부평역점,인천 부평구 경원대로 1381
글라스스토리 의왕역점,경기 의왕시 부곡중앙남1길 3
다비치안경 인천주안점,인천 미추홀구 미추홀대로 729 주안225빌딩
다비치안경 이수역점,서울 동작구 동작대로 103
아이마트 목감점,경기 시흥시 목감남서로 9-19
아이데코안경원,"경기 의왕시 경수대로 273 1,2층"
다비치안경 부천상동역점,경기 부천시 상동로 78 동양파라곤 103호
다비치안경 수원영통점,경기 수원시 영통구 봉영로 1606 미네시티플라자 1층
글라스스토리 인천논현점,인천 남동구 논고개로 93
남대문안경콘텍트,경기 시흥시 옥구천동로 406
안경랜드,경기 시흥시 정왕대로 174
시화아이피플안경,경기 시흥시 정왕대로 78 트윈프라자
글라스박스 산본점,경기 군포시 산본로323번길 26-22 성훈빌딩 104
글라스스토리 월곶점,경기 시흥시 월곶중앙로 48
다비치안경 부평삼산점,인천 부평구 길주로 641
안경스케치,경기 시흥시 동서로 1071
일공공일안경콘택트 안양범계점,경기 안양시 동안구 평촌대로223번길 64
글라스스토리 인천연수점,인천 연수구 비류대로 435
으뜸50안경 수원역점,경기 수원시 팔달구 매산로 21-9 2층
행복한안경,경기 수원시 권선구 금곡로 45
글라스스토리 서창점,인천 남동구 서창남순환로216번길 17 스카이플러스 112호 113호
다비치안경 목동역점,서울 양천구 오목로 227
다비치안경 수지점,경기 용인시 수지구 문정로 40
인하안경,인천 미추홀구 인하로 89-1
미래로안경,경기 시흥시 동서로 1100
글라스스토리 철산점,경기 광명시 철산로 19 나미빌딩 102호
글라스스토리 캠퍼스타운송도점,인천 연수구 송도과학로27번길 55 롯데캐슬캠퍼스타운 C동 112호
시화피카소안경,경기 시흥시 정왕대로 74
다비치안경 신포점,인천 중구 우현로 44
글라스박스 중앙로점,경기 안양시 만안구 안양로 286
바라봄안경,경기 수원시 권선구 금곡로102번길 15 문영비즈웍스 115호
글라스스토리 구월아시아드점,인천 남동구 선수촌공원로 37 중앙프라자 106호
으뜸50안경 산본점,경기 군포시 산본로323번길 10-6 산본프라자 3층
일공공일안경콘택트 의왕역점,경기 의왕시 부곡중앙로 19
글라스스토리 호구포점,인천 남동구 논현로 40
글라스박스 구월점,인천 남동구 인하로 497-8
으뜸50안경 범계역점,경기 안양시 동안구 평촌대로223번길 43 청구랜드 3층 304호
아이피아 홈플러스시흥점,경기 시흥시 희망공원로 269
글라스스토리 의왕점,경기 의왕시 계원대학로 2
다비치안경 방배점,서울 서초구 방배로20길 4
일공공일안경콘택트 안양평촌점,경기 안양시 동안구 관평로182번길 53 광장빌딩 104호
렌즈스토리 아주대점,경기 수원시 영통구 아주로 34
렌즈스토리 부천점,경기 부천시 부일로460번길 5
다비치안경 동탄점,"경기 화성시 동탄반석로 156 동탄하이페리온 111,112호"
베니스옵티컬,"경기 시흥시 서울대학로278번길 61 1층 C14,15호"
어울림안경,경기 수원시 장안구 서부로 2131
일공공일안경콘택트 안양역점,경기 안양시 만안구 만안로 244 안양역 지하상가 2호
글라스스토리 수원광교점,경기 수원시 영통구 센트럴타운로 103
글라스스토리 간석올리브점,인천 남동구 석산로 172 3동 101호
일공공일안경콘택트 수원호매실점,경기 수원시 권선구 금호로 28
렌즈미 수원로데오점,경기 수원시 팔달구 덕영대로 923-10
대승옵티칼,경기 시흥시 하상로4번길 11 지하1층
으뜸50안경 1호점,서울 관악구 신림로 344 sk허브그린빌딩 308호
으뜸50안경 수원아주대점,경기 수원시 영통구 중부대로 264-1 2층
글라스스토리 역곡점,경기 부천시 경인로 498
일공공일안경콘택트 시흥대야점,경기 시흥시 대은로 89
글라스스토리 향남점,경기 화성시 향남읍 발안로 103-6 J&H빌딩 104호
일공공일안경콘택트 수원성대점,경기 수원시 장안구 율전로 104
일공공일안경콘택트 수원고색점,경기 수원시 권선구 매송고색로 671
글라스스토리 선학점,인천 연수구 학나래로6번길 14
일공공일안경콘택트 금천독산점,서울 금천구 범안로 1256
글라스스토리 가톨릭대점,경기 부천시 부일로 723 1층
일공공일안경콘택트 수원천천점,경기 수원시 장안구 만석로19번길 11-3 태영프라자 103호
안경세상 당수점,경기 수원시 권선구 당진로 20 당수프라자 108호
으뜸플러스안경 인천구월점,인천 남동구 인하로489번길 28 로데오프라자21 3층
카리스마안경,경기 시흥시 연성로 95 삼성프라자 101호
다비치안경 동탄역사점,경기 화성시 동탄대로 489
다비치안경 부평산곡점,인천 부평구 마장로 312
오렌즈 배곧신도시점,경기 시흥시 서울대학로278번길 43-13
글라스박스 논현점,인천 남동구 논현남로10번길 11
성대역콘택트렌즈,경기 수원시 장안구 서부로 2157 대명빌딩 1층
안경나라 화성수원대점,경기 화성시 봉담읍 와우로 96
일공공일안경콘택트 시흥사거리점,서울 금천구 시흥대로 231
아이젠트리 경기배곧점,경기 시흥시 배곧3로 96 엠플러스 5층
안경나라 수원권선점,경기 수원시 권선구 세권로304번길 62 베스토아 빌딩 115호
으뜸50안경 인천구월점,인천 남동구 성말로 10 효명프라자 3층
글라스스토리 수원망포점,경기 수원시 영통구 태장로 72
티파티 귀금속&안경타운,경기 수원시 팔달구 동말로 71
글라스스토리 부개점,인천 부평구 장제로 98 스위트홈 2동 103호
일공공일안경콘택트 화성기안점,경기 화성시 효행로 287 보보스프라자 1층 104호
렌즈스토리 주안점,"인천 미추홀구 주안로 95-19 주안역 지하상가 철2,3호"
글라스박스 석수점,경기 안양시 만안구 충훈로 87
눈안경원,경기 수원시 권선구 서수원로577번길 305 수원모아미래도센트럴타운2단지 상가 221호
쓰리팩토리 비산점,경기 안양시 동안구 경수대로 911
대학당안경원,경기 안양시 동안구 시민대로 175 동안프라자 2층 207호
쓰리팩토리 호계점,경기 안양시 동안구 경수대로685번길 3
글라스스토리 거리공원점,서울 구로구 공원로 27 102호
으뜸플러스안경 수원인계점,경기 수원시 팔달구 효원로265번길 36 혁재빌딩 3층
으뜸50안경 신림3호점,서울 관악구 남부순환로 1594-1 2층
일공공일안경콘택트 인천구월모래내점,인천 남동구 호구포로 798 1층
스펙타클안경원,경기 시흥시 서울대학로278번길 43-13 배곧스타타워 1층 105호
남대문안경원,경기 시흥시 수인로3381번길 13
일공공일안경콘택트 신림점,서울 관악구 난곡로 197
글라스바바 수원정자점,경기 수원시 장안구 장안로151번길 38
일공공일안경콘택트 수원아주대점,경기 수원시 영통구 아주로 18
일공공일안경콘택트 관악신대방역점,서울 관악구 신사로 104
일공공일안경콘택트 부천송내점,경기 부천시 부일로 226
일공공일안경콘택트 부천남부역점,경기 부천시 경인로 210-1
글라스스토리안경 송내점,경기 부천시 성주로 81
렌즈스토리 부평2호점,인천 부평구 부평대로 25
오렌즈 범계점,경기 안양시 동안구 평촌대로223번길 42
일공공일안경콘택트 인천법원점,인천 미추홀구 소성로 171 대흥빌딩 102호
일공공일안경콘택트 광명점,경기 광명시 광명로 928
글라스스토리안경콘택트 부천시청역점,경기 부천시 길주로 199 굿모닝프라자 107호
글라스스토리 개봉점,서울 구로구 개봉로17길 15
글라스바바안경 산본점,경기 군포시 산본천로 56 센트로601 1층
으뜸50안경 의왕점,경기 의왕시 왕곡로 1 태림빌딩 1층
안경나라 부천송내역점,경기 부천시 송내대로 34 1층
글라스박스 센트럴파크점,인천 연수구 센트럴로 194 b동101호
일공공일안경콘택트 부천범박점,경기 부천시 범안로 59
다비치안경 용인죽전점,경기 용인시 수지구 현암로 102
잇츠글라시스,경기 수원시 권선구 서수원로 445 골든프라자B 1층
다비치안경 인천작전점,인천 계양구 오조산로 7 덕수프라자 1층
글라스박스 소하점,경기 광명시 하안로 108 광명에이스타워
행복한안경콘택트,경기 시흥시 대은로 80
렌즈미 수원인계점,경기 수원시 팔달구 인계로166번길 48-21 인계샤르망 오피스텔 1층 103호
안경매니져앤렌즈미 구로디지털점,서울 관악구 시흥대로 566
글라스스토리 인천옥련점,인천 연수구 독배로 49
보다안경원 군포점,경기 군포시 삼성로 5
일공공일안경콘택트 광명철산점,경기 광명시 오리로 857 일청빌딩 108호
일공공일안경콘택트 수원권선점,경기 수원시 권선구 동수원로242번길 6 B 01호
으뜸50안경 부평역점,인천 부평구 부평대로 28 2층
글라스스토리 주안역점,인천 미추홀구 석정로 396
렌즈미 산본점,경기 군포시 산본로323번길 26-22 성훈빌딩 102호
인하안경원,인천 연수구 학나래로6번길 10 2층
안경나라 인천동암점,인천 남동구 경인로 668
쓰리팩토리 안양점,경기 안양시 만안구 안양로 168
센타안경 산본점,"경기 군포시 산본로323번길 16-12 센타빌딩 B동 101,102호"
안경마을,경기 화성시 송산면 사강로 201
글라스박스 주안점,인천 미추홀구 인하로 289
오렌즈 수원인계점,경기 수원시 팔달구 권광로 184
쓰리팩토리 소하점,"경기 광명시 소하로 109 101,102호"
다비치안경 오산점,경기 오산시 경기대로 227
다비치안경 오산역2호점,경기 오산시 대원로 5
오렌즈 평촌점,경기 안양시 동안구 평촌대로 111 피플스프라자 1층
밝은눈안경,경기 시흥시 배곧4로 87
안경나라 구로구청점,서울 구로구 구로중앙로 68 102호
골든아이안경원,"경기 수원시 권선구 금곡로 116 유동타워 1층 108, 109호"
글라스박스 개봉점,서울 구로구 개봉로 59
안경나라 인천연수점,인천 연수구 독배로40번길 11 효명프라자 1층
일공공일안경콘택트 부천원미점,경기 부천시 석천로 84
크리스탈안경,경기 시흥시 하중로 227
렌즈타운 수원역점,경기 수원시 팔달구 향교로 7 1층
모닝아이안경 시화점,경기 시흥시 함송로 21
안경나라 구로개봉점,서울 구로구 개봉로 56
아이피플,경기 시흥시 정왕동 1771-1
글라스바바안경원 수원역점,"경기 수원시 팔달구 덕영대로 899 세진브론즈빌 103,104,105호"
지니스안경 본점,경기 부천시 경인로 183
글라스박스 만수점,인천 남동구 만수로 49
씨채널안경 인천연수점,인천 연수구 샘말로7번길 18
오렌즈 수원점,경기 수원시 팔달구 향교로 12-1
다비치안경 대치점,서울 강남구 도곡로 431
우리들안경원,경기 수원시 권선구 칠보로125번길 20 한스빌리지 101호
렌즈미 안양1번가점,경기 안양시 만안구 안양로292번길 21
아마존안경아울렛 산본점,경기 군포시 광정로 78
안경나라 관악낙성대점,서울 관악구 남부순환로 1911 1층
다비치안경 신사역점,서울 강남구 도산대로 109 동원빌딩 102호
다비치안경 등촌역점,서울 양천구 등촌로 236
국제안경,경기 안양시 만안구 안양로 291 1층 1호
우리동네안경원 부평점,인천 부평구 경원대로 1400 2층
본안경,경기 군포시 송부로291번길 6
남대문안경원,경기 안양시 만안구 안양로 332
드림안경 렌즈미 북수원점,경기 수원시 장안구 송원로86번길 4
로데오안경 서울대본점,서울 관악구 남부순환로 1840
일공공일안경콘택트 부천역곡역점,경기 부천시 부일로 732
일공공일안경콘택트 부천중동역점,경기 부천시 중동로 91
으뜸50안경 영등포점,서울 영등포구 영중로 22 남서울빌딩 2층 203호
아비드안경 신림본점,서울 관악구 남부순환로 1631
글라스스토리 서울교대점,서울 서초구 서초대로46길 109 지산빌딩 1층
일공공일안경콘택트 동작신대방삼거리역점,서울 동작구 상도로 88
안경콘택트바오 가산디지털단지역점,서울 금천구 가산디지털1로 165
지코디안경 수원본점,경기 수원시 팔달구 덕영대로 913
다비치안경 홍대동교동삼거리점,서울 마포구 양화로 193
으뜸플러스안경 안양범계점,경기 안양시 동안구 평촌대로223번길 59 3층
글라스스토리 세교점,경기 오산시 수목원로 462 104호
으뜸플러스안경 철산점,경기 광명시 철산로 36 양정타워 4층 403호
화인메디칼,경기 시흥시 동서로 1094
애프터눈안경원,서울 서초구 방배천로24길 29
안경박사 안양점,경기 안양시 만안구 안양로 326
글라스패밀리,경기 군포시 산본천로 201
오렌즈 산본점,경기 군포시 산본로323번길 20-17
안경나라 화성신영통점,경기 화성시 영통로61번길 6 제일프라자1층 124호
일공공일안경콘택트 부개역홈누리마트점,인천 부평구 수변로57번길 9 1층
안경맘,경기 수원시 영통구 중부대로246번길 30-1
쓰리팩토리 관양점,경기 안양시 동안구 관악대로 318 1층
동양안경,경기 화성시 송산면 사강로 195-2
글라스스토리,경기 군포시 산본로323번길 13
렌즈스토리 영등포점,서울 영등포구 경인로 846
씨채널안경 부천범박점,경기 부천시 범안로 117
모다 시흥프리미엄아울렛점,경기 시흥시 서해안로 699
다비치안경 발산역사거리점,서울 강서구 공항대로 281
으뜸플러스안경 경기산본점,경기 군포시 산본로323번길 16-7 롯데프라자 3층 303호
일공공일안경콘택트 수원영통점,경기 수원시 영통구 매영로 404 1층
글라스스토리 금정점,경기 군포시 산본천로 212-1
안경나라 천왕점,서울 구로구 천왕로 42
안경박사 소하점,경기 광명시 오리로 370
석수안경마트,경기 안양시 만안구 안양로 497
오렌즈 인천논현점,인천 남동구 논고개로123번길 35 칼리오페 제1층 146호
채널아이안경 의왕역점,경기 의왕시 부곡중앙로 7
남대문안경콘택트,경기 의왕시 철도박물관로 75
일공공일안경콘택트 인천만수점,인천 남동구 만수로 71
안경세상,경기 화성시 봉담읍 와우안길 59
렌즈미 송도점,인천 연수구 해돋이로120번길 23
아이패밀리안경원 연수점,인천 연수구 용담로125번길 2
글라스바바안경 평촌점,경기 안양시 동안구 평촌대로 136
으뜸플러스안경 수원역점,경기 수원시 팔달구 매산로 8-1 3층
노블레스안경콘택트,경기 안양시 동안구 시민대로 202
으뜸50안경 화성봉담점,경기 화성시 봉담읍 삼천병마로 1271 우정프라자 1층
글라스코드3927안경원,서울 금천구 벚꽃로 298 대륭포스트타워6차 105호
일공공일안경콘택트 화성태안점,경기 화성시 병점2로 16
글라스스토리안경 신정네거리점,서울 양천구 신월로 348 1층
렌즈타운 산본점,"경기 군포시 산본로323번길 16-12 센타빌딩 B동 101호, 102호"
일공공일안경콘택트 구로구일역점,서울 구로구 구일로10길 27 SK허브수 B-118
오렌즈 구월2호점,인천 남동구 인하로489번길 28 로데오프라자 106호
글라스박스 부천위브점,경기 부천시 신흥로 190 위브더스테이트 101동 101호
으뜸50안경 시흥사거리점,서울 금천구 시흥대로 224 금천리메인시티 3층
봉담안경,경기 화성시 봉담읍 삼천병마로 1276
명보당,경기 화성시 송산면 송산포도로 116-2
오렌즈 안양점,경기 안양시 만안구 안양로292번길 13
일공공일안경콘택트 인천인하대점,인천 미추홀구 인하로 100 학생회관 1층
안경나라 화성병점점,경기 화성시 효행로 1072 상록프라자 109호
다비치안경 도곡점,서울 강남구 선릉로 206 동부센트레빌상가 1층
드라마안경,경기 수원시 팔달구 권광로 187
오렌즈 구로디지털점,서울 구로구 시흥대로 571 상가1층
안경나라 영등포신길점,서울 영등포구 가마산로 455
다비치안경 신촌기차역점,"서울 서대문구 신촌역로 37 1,2층"
연세안경콘택트,경기 화성시 봉담읍 동화길 40
렌즈미 구월점,인천 남동구 인하로 497-15 102호
한빛안경,서울 구로구 오류로8길 63
다본안경콘택트,경기 수원시 권선구 세지로 93
렌즈스토리 부평1호점,"인천 부평구 부평동 738-21 대아지하상가 1공구 17,18호"
K비젼안경 탑동점,경기 수원시 권선구 탑동로 1
일공공일안경콘택트 구로고척점,서울 구로구 고척로 235
아비드안경콘택트 관악점,서울 관악구 신림로 363-1
일공공일안경콘택트 용인신봉점,경기 용인시 수지구 신봉1로 165 동광프라자 101
다비치안경 청라점,인천 서구 중봉대로 588
피콜로 안경원,서울 관악구 신림로 97
아이스토리안경원,경기 수원시 권선구 삼천병마로 1593
렌즈미 광명사거리역점,경기 광명시 광명로 899
일공공일안경콘택트 관악봉천점,서울 관악구 은천로 110 ws타워 1층
아이홀릭안경 서창점,"인천 남동구 서창남로 71 104,105호"
렌즈타운 신림점,서울 관악구 남부순환로 1598 1층 103-1호
이안경,경기 의왕시 부곡시장길 12
시흥안경백화점,경기 시흥시 복지로 93
다비치안경 성남야탑터미널점,경기 성남시 분당구 성남대로925번길 16
안경나라 아울렛구로고척점,서울 구로구 중앙로1길 36 123 전자타운 제3동 5층
다비치안경 서현점,경기 성남시 분당구 서현로 170 109호
남문남대문안경,경기 수원시 팔달구 정조로770번길 7
일공공일안경콘텍트 부천남부역점,경기 부천시 경인로 202
안경박사 구로디지털점,서울 구로구 시흥대로 557
으뜸50안경 광명사거리역점,경기 광명시 오리로 968 3층
안경드림,"인천 남동구 서창남순환로215번길 48 스카이플러스2 112, 113호"
골든힐안경원,경기 광명시 기아로 46 기아파크빌 108호
오렌즈 연수점,인천 연수구 학나래로6번길 10 1층
K비젼안경 인천논현점,인천 남동구 논고개로 85
남대문안경,경기 안양시 만안구 양화로 138
이츠안경 천천점,경기 수원시 장안구 덕영대로535번길 46 해든타워 105호
이태리안경,경기 의왕시 부곡시장3길 2
독일안경콘택트,경기 안양시 만안구 안양로 294
도매당안경,경기 수원시 팔달구 정조로 774
피카소안경,경기 안양시 동안구 흥안대로 458
일공공일안경콘택트 동작보라매점,서울 영등포구 대방천로 258
으뜸50안경 수원영통점,경기 수원시 영통구 반달로7번길 6 센타프라자 2층 202호
드림안경 정자점,경기 수원시 장안구 대평로 86
안경나라 구로고척점,서울 구로구 중앙로 60 강산메티칼프라자 1층 101호
글라스바바안경 비산점,경기 안양시 동안구 경수대로 915
안경박사,경기 의왕시 경수대로 372
위드옵티컬,경기 시흥시 신천천서로 30-1 1층
렌즈미 신림점,서울 관악구 신림로 323 신광빌딩 1층
오렌즈 수원영통점,경기 수원시 영통구 청명남로 39
아이데코안경 호매실점,경기 수원시 권선구 금곡로 116
디옵터뮤지엄,인천 연수구 컨벤시아대로 60 푸르지오월드마크 1층124호
바라봄안경,경기 수원시 영통구 영통로 124
글라스스토리안경 남성역점,서울 동작구 사당로16길 15
예쁜안경원,경기 수원시 장안구 경수대로939번길 8
아이데코 신림점,서울 관악구 남부순환로 1607 1층
오렌즈 신림점,서울 관악구 남부순환로176길 11
아이닥터안경,경기 수원시 장안구 서부로 2129
으뜸50안경 동탄점,경기 화성시 동탄중심상가1길 35 한솔프라자 2층
아이닥터,인천 연수구 컨벤시아대로 116
아이원안경,경기 수원시 권선구 매실로69번길 2
글라스스토리,경기 안양시 동안구 관악대로 386
우리동네안경원 광명점,경기 광명시 광명로 892-1 2층
으뜸플러스안경,인천 부평구 경원대로 1404 그랑프리빌딩 2층 205호
글라스박스 수지점,경기 용인시 수지구 문정로 15 1080-19번지 평은프라자
이태리안경 동수원점,경기 수원시 영통구 동수원로 513
글라스박스 옥련점,인천 연수구 독배로 49 럭키빌딩
루모스안경원,경기 안양시 동안구 시민대로 311
으뜸플러스안경 부천상동점,경기 부천시 상동로 79 수석프라자 4층 402호
글라스스토리 신림점,서울 관악구 남부순환로 1607
오렌즈 현대아울렛 송도점,인천 연수구 송도국제대로 123 현대프리미엄아울렛 송도점 지하1층 436호
렌즈스토리 강남논현점,서울 강남구 강남대로 502
인하안경,인천 남동구 구월로 376
다인안경,인천 남동구 포구로 73
글라스박스 동탄점,경기 화성시 동탄원천로 163 위너스타 빌딩 106호
글라스바바안경,경기 화성시 향남읍 향남로 416
다비치안경 명동점,서울 중구 소공로 62
지니스안경 인천논현점,인천 남동구 논고개로 101 아름다운타워 2층 202호
렌즈스토리 강남점,서울 강남구 강남대로 426 1층
안경매니져 안양점,경기 안양시 만안구 안양로 115
베네치아안경,인천 남동구 구월로 305
오렌즈 구월점,인천 남동구 인하로 497-15
으뜸50안경 부천신중동점,경기 부천시 중동로254번길 104 3층
글라스스토리&렌즈스토리 광명소하점,경기 광명시 소하로 77 골든프라자 101호
안경박사 인덕원점,경기 안양시 동안구 관악대로 486
쓰리팩토리 수원남문점,경기 수원시 팔달구 중부대로 49
안경박사 월곶점,경기 시흥시 월곶중앙로 64
글라스스토리 수지구청점,경기 용인시 수지구 풍덕천로 119 로얄스포츠센터 114~117호
민들레렌즈안경,경기 수원시 장안구 서부로 2157
밝은눈안경,경기 수원시 장안구 서부로 2107-1
으뜸50안경 서울대점,서울 관악구 관악로 164 대우디오슈페리움1단지 209호
밝은눈안경 논현점,인천 남동구 논고개로 120
삼미안경할인마트,경기 시흥시 호현로10번길 15-1
글라스안경 동수원점,"경기 수원시 팔달구 권광로 211 동수원메디뷰 104호, 105호"
끌림안경원 봉담점,경기 화성시 봉담읍 동화길 81-10 상도프라자 1층 105호
